-- phpMyAdmin SQL Dump
-- version 5.0.2
-- https://www.phpmyadmin.net/
--
-- Host: 127.0.0.1
-- Tempo de geração: 02-Set-2020 às 04:54
-- Versão do servidor: 10.4.13-MariaDB
-- versão do PHP: 7.2.31

SET SQL_MODE = "NO_AUTO_VALUE_ON_ZERO";
START TRANSACTION;
SET time_zone = "+00:00";


/*!40101 SET @OLD_CHARACTER_SET_CLIENT=@@CHARACTER_SET_CLIENT */;
/*!40101 SET @OLD_CHARACTER_SET_RESULTS=@@CHARACTER_SET_RESULTS */;
/*!40101 SET @OLD_COLLATION_CONNECTION=@@COLLATION_CONNECTION */;
/*!40101 SET NAMES utf8mb4 */;

--
-- Banco de dados: `iheros`
--

-- --------------------------------------------------------

--
-- Estrutura da tabela `batalhas`
--

CREATE TABLE `batalhas` (
  `id_batalha` int(11) NOT NULL,
  `id_hero` int(11) DEFAULT NULL,
  `moster_danger_level` varchar(10) NOT NULL,
  `moster_name` varchar(30) NOT NULL,
  `distance_of_moster` decimal(10,6) DEFAULT NULL,
  `criado` datetime DEFAULT current_timestamp()
) ENGINE=InnoDB DEFAULT CHARSET=utf8mb4;

--
-- Extraindo dados da tabela `batalhas`
--

INSERT INTO `batalhas` (`id_batalha`, `id_hero`, `moster_danger_level`, `moster_name`, `distance_of_moster`, `criado`) VALUES
(1, 34, 'Tiger', 'The Slender Rot Lion', '715.146456', '2020-08-26 19:46:37'),
(2, 10, 'God', 'The Ugly Mongrel', '7865.646245', '2020-08-26 19:47:07'),
(3, 34, 'Tiger', 'The Jade Army Jackal', '2320.184912', '2020-08-26 19:47:37'),
(4, 30, 'Dragon', 'The Dismal Guardian', '9999.999999', '2020-08-26 19:48:07'),
(5, 35, 'Wolf', 'The Raging Night Wolf', '9999.999999', '2020-08-26 19:48:51'),
(6, 30, 'Dragon', 'Helltree', '483.709157', '2020-08-26 19:49:21'),
(7, NULL, 'Wolf', 'Blazeteeth', NULL, '2020-08-26 19:49:51'),
(8, 30, 'Dragon', 'The Ugly Mongrel', '9559.927950', '2020-08-26 19:50:38'),
(9, 34, 'Tiger', 'Dawnmouth', '2308.749305', '2020-08-26 19:51:08'),
(10, NULL, 'God', 'Horrortooth', NULL, '2020-08-26 19:51:38'),
(11, 30, 'Dragon', 'The Jade Army Jackal', '1385.033482', '2020-08-26 19:52:08'),
(12, NULL, 'God', 'The Grotesque Abomination', NULL, '2020-08-26 19:53:04'),
(13, NULL, 'God', 'The Giant Sun Swine', NULL, '2020-08-26 19:53:35'),
(14, 30, 'Dragon', 'The Wretched Pest', '9999.999999', '2020-08-26 19:54:04'),
(15, 34, 'Tiger', 'The Slender Rot Lion', '2309.133995', '2020-08-26 19:54:34'),
(16, NULL, 'God', 'Dreamseeker', NULL, '2020-08-26 19:55:04'),
(17, NULL, 'God', 'The Giant Sun Swine', NULL, '2020-08-26 19:55:34'),
(18, NULL, 'God', 'Horrortooth', NULL, '2020-08-26 19:56:51'),
(19, 30, 'Dragon', 'Dawnmouth', '9999.999999', '2020-08-26 20:12:05'),
(20, NULL, 'Wolf', 'Grimefoot', NULL, '2020-08-26 20:12:55'),
(21, 34, 'Tiger', 'Helltree', '9999.999999', '2020-08-26 20:13:26'),
(22, 30, 'Dragon', 'The Slender Rot Lion', '9564.768792', '2020-08-26 20:14:01'),
(23, 30, 'Dragon', 'Blazeteeth', '9999.999999', '2020-08-26 20:15:37'),
(24, 34, 'Tiger', 'The Wretched Pest', '2321.383156', '2020-08-26 20:16:34'),
(25, 30, 'Dragon', 'The Slender Rot Lion', '87.269610', '2020-08-26 20:17:04'),
(26, 34, 'Tiger', 'The White Eyes', '9999.999999', '2020-08-26 20:17:34'),
(27, 34, 'Tiger', 'The Dismal Guardian', '1140.516558', '2020-08-26 20:18:04'),
(28, 30, 'Dragon', 'The Giant Sun Swine', '9999.999999', '2020-08-26 20:18:34'),
(29, 34, 'Tiger', 'The Grotesque Abomination', '9560.757766', '2020-08-26 20:19:28'),
(30, 34, 'Tiger', 'Blazeteeth', '9999.999999', '2020-08-26 20:20:00'),
(31, NULL, 'God', 'The White Eyes', NULL, '2020-08-26 20:20:31'),
(32, NULL, 'Wolf', 'The Ugly Mongrel', NULL, '2020-08-26 20:21:00'),
(33, 30, 'Dragon', 'The Raging Night Wolf', '2315.893302', '2020-08-26 20:21:30'),
(34, NULL, 'God', 'The Supreme Night Bear', NULL, '2020-08-26 20:22:00'),
(35, NULL, 'God', 'Grimefoot', NULL, '2020-08-26 20:22:30'),
(36, 30, 'Dragon', 'Helltree', '141.315871', '2020-08-26 20:23:00'),
(37, 34, 'Tiger', 'The Wretched Pest', '9999.999999', '2020-08-26 20:23:56'),
(38, 30, 'Dragon', 'Spiritmouth', '9554.788412', '2020-08-26 20:24:26'),
(39, NULL, 'Wolf', 'Grimefoot', NULL, '2020-08-26 20:25:14'),
(40, NULL, 'Wolf', 'Horrortooth', NULL, '2020-08-26 20:25:44'),
(41, NULL, 'God', 'Horrortooth', NULL, '2020-08-26 20:26:14'),
(42, NULL, 'Wolf', 'The Jade Army Jackal', NULL, '2020-08-26 20:26:44'),
(43, 30, 'Dragon', 'Dawnmouth', '9999.999999', '2020-08-26 20:27:14'),
(44, 30, 'Dragon', 'Grimefoot', '2325.751727', '2020-08-26 20:27:44'),
(45, NULL, 'God', 'Grimefoot', NULL, '2020-08-26 20:28:14'),
(46, 30, 'Dragon', 'The Ugly Mongrel', '9565.557963', '2020-08-26 20:28:44'),
(47, NULL, 'Wolf', 'Spiritmouth', NULL, '2020-08-26 20:30:06'),
(48, NULL, 'Wolf', 'Grimefoot', NULL, '2020-08-26 20:30:36'),
(49, 30, 'Dragon', 'Spiritmouth', '9564.157906', '2020-08-26 20:31:06'),
(50, 34, 'Tiger', 'Spiritmouth', '9999.999999', '2020-08-26 20:31:36'),
(51, NULL, 'Wolf', 'The White Eyes', NULL, '2020-08-26 20:32:06'),
(52, NULL, 'God', 'The Jade Army Jackal', NULL, '2020-08-26 20:32:36'),
(53, NULL, 'God', 'Grimefoot', NULL, '2020-08-26 20:33:06'),
(54, 34, 'Tiger', 'The Jade Army Jackal', '9999.999999', '2020-08-26 20:33:45'),
(55, 34, 'Tiger', 'The Giant Sun Swine', '9999.999999', '2020-08-26 20:34:15'),
(56, NULL, 'God', 'The Jade Army Jackal', NULL, '2020-08-26 20:34:45'),
(57, NULL, 'Wolf', 'The Raging Night Wolf', NULL, '2020-08-26 20:35:15'),
(58, 30, 'Dragon', 'The Slender Rot Lion', '298.542428', '2020-08-26 20:35:45'),
(59, NULL, 'God', 'Helltree', NULL, '2020-08-26 20:36:16'),
(60, NULL, 'Wolf', 'The Raging Night Wolf', NULL, '2020-08-26 20:36:45'),
(61, 34, 'Tiger', 'Grimefoot', '2324.717552', '2020-08-26 20:37:15'),
(62, NULL, 'God', 'The Ugly Mongrel', NULL, '2020-08-26 20:37:45'),
(63, 34, 'Tiger', 'The Giant Sun Swine', '9999.999999', '2020-08-26 20:38:15'),
(64, 34, 'Tiger', 'Dreamseeker', '9999.999999', '2020-08-26 20:38:45'),
(65, NULL, 'God', 'The Supreme Night Bear', NULL, '2020-08-26 20:39:15'),
(66, NULL, 'Wolf', 'The Supreme Night Bear', NULL, '2020-08-26 20:39:45'),
(67, NULL, 'God', 'The Lone Butcher Dragon', NULL, '2020-08-26 20:40:15'),
(68, NULL, 'God', 'Grimefoot', NULL, '2020-08-26 20:40:45'),
(69, 30, 'Dragon', 'The Giant Sun Swine', '1521.624103', '2020-08-26 20:41:15'),
(70, NULL, 'God', 'Helltree', NULL, '2020-08-26 20:41:45'),
(71, 30, 'Dragon', 'Horrortooth', '9560.860322', '2020-08-26 20:42:50'),
(72, 34, 'Tiger', 'Doommorph', '9999.999999', '2020-08-26 20:43:20'),
(73, 34, 'Tiger', 'Spiritmouth', '9547.603699', '2020-08-26 20:44:24'),
(74, NULL, 'Wolf', 'The Lone Butcher Dragon', NULL, '2020-08-26 20:44:54'),
(75, 30, 'Dragon', 'Dawnmouth', '9999.999999', '2020-08-26 20:45:24'),
(76, 30, 'Dragon', 'The White Eyes', '9999.999999', '2020-08-26 20:45:54'),
(77, 30, 'Dragon', 'The Ugly Mongrel', '9999.999999', '2020-08-26 20:46:24'),
(78, 30, 'Dragon', 'Dreamseeker', '9999.999999', '2020-08-26 20:46:54'),
(79, 30, 'Dragon', 'The Giant Sun Swine', '2303.254178', '2020-08-26 20:47:24'),
(80, NULL, 'Wolf', 'The White Eyes', NULL, '2020-08-26 20:47:55'),
(81, 34, 'Tiger', 'The Giant Sun Swine', '9999.999999', '2020-08-26 20:48:24'),
(82, NULL, 'Wolf', 'Helltree', NULL, '2020-08-26 20:48:54'),
(83, 30, 'Dragon', 'The Giant Sun Swine', '9999.999999', '2020-08-26 20:49:24'),
(84, 30, 'Dragon', 'The Infamous Weirdo', '9999.999999', '2020-08-26 20:49:54'),
(85, 30, 'Dragon', 'The Dismal Guardian', '693.409583', '2020-08-26 20:50:24'),
(86, NULL, 'Wolf', 'The Supreme Night Bear', NULL, '2020-08-26 20:50:54'),
(87, 34, 'Tiger', 'The Grotesque Abomination', '1090.403754', '2020-08-26 20:51:24'),
(88, NULL, 'God', 'Horrortooth', NULL, '2020-08-26 20:51:54'),
(89, 34, 'Tiger', 'Dreamseeker', '9559.684694', '2020-08-26 20:52:24'),
(90, NULL, 'Wolf', 'Horrortooth', NULL, '2020-08-26 20:52:54'),
(91, NULL, 'God', 'The Slender Rot Lion', NULL, '2020-08-26 20:53:24'),
(92, 34, 'Tiger', 'The Dismal Guardian', '2328.183346', '2020-08-26 20:53:54'),
(93, NULL, 'God', 'Helltree', NULL, '2020-08-26 20:54:53'),
(94, NULL, 'Wolf', 'The Supreme Night Bear', NULL, '2020-08-26 20:55:23'),
(95, 30, 'Dragon', 'The Wretched Pest', '9551.785237', '2020-08-26 20:56:35'),
(96, 30, 'Dragon', 'Dawnmouth', '9556.632815', '2020-08-26 20:57:05'),
(97, NULL, 'Wolf', 'The Infamous Weirdo', NULL, '2020-08-26 20:57:35'),
(98, 30, 'Dragon', 'The Lone Butcher Dragon', '2325.484333', '2020-08-26 20:58:05'),
(99, NULL, 'Wolf', 'The Grotesque Abomination', NULL, '2020-08-26 20:58:35'),
(100, NULL, 'God', 'Dreamseeker', NULL, '2020-08-26 20:59:05'),
(101, 30, 'Dragon', 'The Slender Rot Lion', '9999.999999', '2020-08-26 21:00:02'),
(102, 34, 'Tiger', 'Helltree', '9999.999999', '2020-08-26 21:00:32'),
(103, 34, 'Tiger', 'The Ugly Mongrel', '464.872953', '2020-08-26 21:01:02'),
(104, 34, 'Tiger', 'The Slender Rot Lion', '9569.245461', '2020-08-26 21:01:50'),
(105, NULL, 'God', 'The Jade Army Jackal', NULL, '2020-08-26 21:02:20'),
(106, 30, 'Dragon', 'The Slender Rot Lion', '9999.999999', '2020-08-26 21:02:50'),
(107, NULL, 'Wolf', 'Blazeteeth', NULL, '2020-08-26 21:03:20'),
(108, NULL, 'Wolf', 'Grimefoot', NULL, '2020-08-26 21:03:50'),
(109, 34, 'Tiger', 'The Supreme Night Bear', '9999.999999', '2020-08-26 21:04:20'),
(110, NULL, 'God', 'Helltree', NULL, '2020-08-26 21:04:50'),
(111, NULL, 'Wolf', 'Helltree', NULL, '2020-08-26 21:05:20'),
(112, NULL, 'God', 'The Jade Army Jackal', NULL, '2020-08-26 21:05:50'),
(113, NULL, 'Wolf', 'The Ugly Mongrel', NULL, '2020-08-26 21:06:20'),
(114, 34, 'Tiger', 'Blazeteeth', '9999.999999', '2020-08-26 21:06:50'),
(115, 34, 'Tiger', 'The Dismal Guardian', '40.162957', '2020-08-26 21:07:20'),
(116, 34, 'Tiger', 'Dawnmouth', '9999.999999', '2020-08-26 21:07:50'),
(117, NULL, 'God', 'Helltree', NULL, '2020-08-26 21:08:20'),
(118, NULL, 'God', 'The Ugly Mongrel', NULL, '2020-08-26 21:08:50'),
(119, 30, 'Dragon', 'Helltree', '9562.278575', '2020-08-26 21:09:20'),
(120, NULL, 'God', 'Dawnmouth', NULL, '2020-08-26 21:09:50'),
(121, NULL, 'Wolf', 'The Lone Butcher Dragon', NULL, '2020-08-26 21:10:20'),
(122, NULL, 'God', 'The White Eyes', NULL, '2020-08-26 21:10:50'),
(123, 30, 'Dragon', 'Blazeteeth', '2337.632390', '2020-08-26 21:11:20'),
(124, NULL, 'Wolf', 'Dreamseeker', NULL, '2020-08-26 21:11:50'),
(125, 34, 'Tiger', 'Helltree', '9555.265243', '2020-08-26 21:12:20'),
(126, NULL, 'God', 'The Supreme Night Bear', NULL, '2020-08-26 21:12:50'),
(127, NULL, 'Wolf', 'Blazeteeth', NULL, '2020-08-26 21:13:20'),
(128, 30, 'Dragon', 'The Dismal Guardian', '9547.986580', '2020-08-26 21:13:50'),
(129, 30, 'Dragon', 'The Slender Rot Lion', '399.810707', '2020-08-26 21:14:20'),
(130, 34, 'Tiger', 'Doommorph', '1201.455446', '2020-08-26 21:14:50'),
(131, 30, 'Dragon', 'Dreamseeker', '9999.999999', '2020-08-26 21:15:20'),
(132, 30, 'Dragon', 'The Raging Night Wolf', '9560.090472', '2020-08-26 21:15:50'),
(133, 30, 'Dragon', 'The Slender Rot Lion', '863.311190', '2020-08-26 21:16:20'),
(134, NULL, 'God', 'Dawnmouth', NULL, '2020-08-26 21:17:19'),
(135, NULL, 'Wolf', 'Dreamseeker', NULL, '2020-08-26 21:17:49'),
(136, NULL, 'God', 'Dawnmouth', NULL, '2020-08-26 21:18:19'),
(137, NULL, 'God', 'Grimefoot', NULL, '2020-08-26 21:18:49'),
(138, 30, 'Dragon', 'The Dismal Guardian', '9999.999999', '2020-08-26 21:19:34'),
(139, 30, 'Dragon', 'The Dismal Guardian', '9999.999999', '2020-08-26 21:20:04'),
(140, NULL, 'Wolf', 'The Dismal Guardian', NULL, '2020-08-26 21:20:56'),
(141, 34, 'Tiger', 'Helltree', '9999.999999', '2020-08-26 21:22:04'),
(142, NULL, 'God', 'The Raging Night Wolf', NULL, '2020-08-26 21:23:10'),
(143, NULL, 'Wolf', 'The Ugly Mongrel', NULL, '2020-08-26 21:23:40'),
(144, 34, 'Tiger', 'The Supreme Night Bear', '2325.063389', '2020-08-26 21:24:10'),
(145, 34, 'Tiger', 'The Infamous Weirdo', '9999.999999', '2020-08-26 21:25:22'),
(146, 30, 'Dragon', 'Spiritmouth', '9574.762412', '2020-08-26 21:26:59'),
(147, NULL, 'God', 'The Slender Rot Lion', NULL, '2020-08-26 21:27:29'),
(148, NULL, 'God', 'The Supreme Night Bear', NULL, '2020-08-26 21:27:59'),
(149, 30, 'Dragon', 'The Giant Sun Swine', '9999.999999', '2020-08-26 21:28:29'),
(150, NULL, 'Wolf', 'The Lone Butcher Dragon', NULL, '2020-08-26 21:28:59'),
(151, 34, 'Tiger', 'The Infamous Weirdo', '9999.999999', '2020-08-26 21:29:29'),
(152, NULL, 'God', 'The White Eyes', NULL, '2020-08-26 21:29:59'),
(153, NULL, 'God', 'The Giant Sun Swine', NULL, '2020-08-26 21:30:29'),
(154, 34, 'Tiger', 'The Wretched Pest', '2308.680856', '2020-08-26 21:30:59'),
(155, 34, 'Tiger', 'The Supreme Night Bear', '399.617285', '2020-08-26 21:31:29'),
(156, NULL, 'God', 'Spiritmouth', NULL, '2020-08-26 21:31:59'),
(157, 30, 'Dragon', 'The Ugly Mongrel', '2316.939066', '2020-08-26 21:32:29'),
(158, 34, 'Tiger', 'The Ugly Mongrel', '515.941171', '2020-08-26 21:33:19'),
(159, 34, 'Tiger', 'The White Eyes', '9999.999999', '2020-08-26 21:33:53'),
(160, NULL, 'God', 'The Slender Rot Lion', NULL, '2020-08-26 21:34:23'),
(161, NULL, 'God', 'The White Eyes', NULL, '2020-08-26 21:34:53'),
(162, 34, 'Tiger', 'Dawnmouth', '9574.566209', '2020-08-26 21:35:23'),
(163, NULL, 'God', 'Dreamseeker', NULL, '2020-08-26 21:35:53'),
(164, 34, 'Tiger', 'Horrortooth', '9999.999999', '2020-08-26 21:36:23'),
(165, NULL, 'God', 'The Raging Night Wolf', NULL, '2020-08-26 21:36:53'),
(166, 30, 'Dragon', 'The Slender Rot Lion', '9999.999999', '2020-08-26 21:37:23'),
(167, NULL, 'Wolf', 'Helltree', NULL, '2020-08-26 21:37:53'),
(168, 34, 'Tiger', 'The Infamous Weirdo', '9999.999999', '2020-08-26 21:38:23'),
(169, NULL, 'God', 'The Infamous Weirdo', NULL, '2020-08-26 21:38:53'),
(170, NULL, 'Wolf', 'The Dismal Guardian', NULL, '2020-08-26 21:39:23'),
(171, NULL, 'God', 'Spiritmouth', NULL, '2020-08-26 21:39:53'),
(172, NULL, 'God', 'Dawnmouth', NULL, '2020-08-26 21:40:23'),
(173, 30, 'Dragon', 'Dawnmouth', '1353.665497', '2020-08-26 21:40:53'),
(174, NULL, 'God', 'Grimefoot', NULL, '2020-08-26 21:41:23'),
(175, 30, 'Dragon', 'Grimefoot', '9999.999999', '2020-08-26 21:43:08'),
(176, 34, 'Tiger', 'The Grotesque Abomination', '9572.169703', '2020-08-26 21:43:38'),
(177, 30, 'Dragon', 'Blazeteeth', '9999.999999', '2020-08-26 21:44:18'),
(178, NULL, 'Wolf', 'The Supreme Night Bear', NULL, '2020-08-26 21:44:48'),
(179, 34, 'Tiger', 'Blazeteeth', '9999.999999', '2020-08-26 21:45:18'),
(180, NULL, 'Wolf', 'The Jade Army Jackal', NULL, '2020-08-26 21:45:48'),
(181, 30, 'Dragon', 'Grimefoot', '9999.999999', '2020-08-27 00:04:32'),
(182, 34, 'Tiger', 'The Raging Night Wolf', '9557.532070', '2020-08-27 00:05:02'),
(183, 34, 'Tiger', 'The Grotesque Abomination', '2321.099422', '2020-08-27 00:05:32'),
(184, NULL, 'Wolf', 'Blazeteeth', NULL, '2020-08-27 00:06:37'),
(185, NULL, 'God', 'Grimefoot', NULL, '2020-08-27 00:07:07'),
(186, 30, 'Dragon', 'The Dismal Guardian', '167.138842', '2020-08-27 00:07:37'),
(187, 34, 'Tiger', 'The Giant Sun Swine', '9552.374418', '2020-08-27 00:08:07'),
(188, 30, 'Dragon', 'The Wretched Pest', '9999.999999', '2020-08-27 00:08:37'),
(189, NULL, 'God', 'The White Eyes', NULL, '2020-08-27 00:09:07'),
(190, 34, 'Tiger', 'Spiritmouth', '9999.999999', '2020-08-27 00:09:37'),
(191, NULL, 'Wolf', 'Dreamseeker', NULL, '2020-08-27 00:11:38'),
(192, 34, 'Tiger', 'Dawnmouth', '308.310767', '2020-08-27 00:12:08'),
(193, NULL, 'God', 'The Wretched Pest', NULL, '2020-08-27 00:13:23'),
(194, NULL, 'Wolf', 'Horrortooth', NULL, '2020-08-27 00:14:07'),
(195, NULL, 'God', 'The Grotesque Abomination', NULL, '2020-08-27 00:14:37'),
(196, NULL, 'God', 'The Dismal Guardian', NULL, '2020-08-27 00:15:07'),
(197, 30, 'Dragon', 'The Lone Butcher Dragon', '9999.999999', '2020-08-27 00:15:37'),
(198, NULL, 'Wolf', 'Doommorph', NULL, '2020-08-27 00:16:07'),
(199, 30, 'Dragon', 'Grimefoot', '2324.293063', '2020-08-27 00:16:37'),
(200, NULL, 'Wolf', 'Helltree', NULL, '2020-08-27 00:17:32'),
(201, 30, 'Dragon', 'The Giant Sun Swine', '9999.999999', '2020-08-27 00:18:02'),
(202, 34, 'Tiger', 'The Jade Army Jackal', '9999.999999', '2020-08-27 00:18:32'),
(203, 30, 'Dragon', 'The White Eyes', '9999.999999', '2020-08-27 00:19:02'),
(204, 34, 'Tiger', 'The Grotesque Abomination', '9999.999999', '2020-08-27 00:19:32'),
(205, 34, 'Tiger', 'The Lone Butcher Dragon', '9999.999999', '2020-08-27 00:20:02'),
(206, NULL, 'Wolf', 'Dawnmouth', NULL, '2020-08-27 00:20:32'),
(207, NULL, 'Wolf', 'The Supreme Night Bear', NULL, '2020-08-27 00:21:25'),
(208, 30, 'Dragon', 'The Supreme Night Bear', '9999.999999', '2020-08-27 00:22:33'),
(209, 30, 'Dragon', 'The Raging Night Wolf', '9999.999999', '2020-08-27 00:24:10'),
(210, NULL, 'Wolf', 'Spiritmouth', NULL, '2020-08-27 00:24:40'),
(211, 34, 'Tiger', 'Horrortooth', '2301.372883', '2020-08-27 00:26:09'),
(212, NULL, 'Wolf', 'Dreamseeker', NULL, '2020-08-27 00:27:02'),
(213, 34, 'Tiger', 'Horrortooth', '9999.999999', '2020-08-27 00:28:16'),
(214, 34, 'Tiger', 'Dawnmouth', '39.133493', '2020-08-27 00:30:07'),
(215, NULL, 'Wolf', 'The Slender Rot Lion', NULL, '2020-08-27 00:30:37'),
(216, NULL, 'Wolf', 'The Grotesque Abomination', NULL, '2020-08-27 00:31:08'),
(217, NULL, 'Wolf', 'The Giant Sun Swine', NULL, '2020-08-27 00:31:37'),
(218, NULL, 'God', 'The Ugly Mongrel', NULL, '2020-08-27 00:32:07'),
(219, NULL, 'God', 'The Supreme Night Bear', NULL, '2020-08-27 00:32:37'),
(220, 30, 'Dragon', 'Horrortooth', '1563.040738', '2020-08-27 00:33:07'),
(221, NULL, 'God', 'The Ugly Mongrel', NULL, '2020-08-27 00:33:37'),
(222, 30, 'Dragon', 'The Supreme Night Bear', '9999.999999', '2020-08-27 00:34:07'),
(223, 34, 'Tiger', 'The Slender Rot Lion', '9999.999999', '2020-08-27 00:34:37'),
(224, 34, 'Tiger', 'Spiritmouth', '1393.380954', '2020-08-27 00:35:07'),
(225, NULL, 'God', 'The White Eyes', NULL, '2020-08-27 00:35:47'),
(226, NULL, 'God', 'Dreamseeker', NULL, '2020-08-27 00:36:17'),
(227, NULL, 'God', 'Doommorph', NULL, '2020-08-27 00:36:48'),
(228, NULL, 'God', 'Dreamseeker', NULL, '2020-08-27 00:37:17'),
(229, 30, 'Dragon', 'Dreamseeker', '9999.999999', '2020-08-27 00:37:47'),
(230, NULL, 'God', 'The Ugly Mongrel', NULL, '2020-08-27 00:38:17'),
(231, 30, 'Dragon', 'Spiritmouth', '9999.999999', '2020-08-27 00:38:47'),
(232, NULL, 'Wolf', 'The Lone Butcher Dragon', NULL, '2020-08-27 00:39:17'),
(233, 30, 'Dragon', 'The Giant Sun Swine', '9999.999999', '2020-08-27 00:39:47'),
(234, NULL, 'God', 'The White Eyes', NULL, '2020-08-27 00:40:17'),
(235, 30, 'Dragon', 'The Ugly Mongrel', '9565.788866', '2020-08-27 00:41:19'),
(236, 34, 'Tiger', 'The White Eyes', '2313.624161', '2020-08-27 00:41:49'),
(237, NULL, 'Wolf', 'Dawnmouth', NULL, '2020-08-27 00:42:19'),
(238, 34, 'Tiger', 'The Ugly Mongrel', '9999.999999', '2020-08-27 00:43:12'),
(239, NULL, 'God', 'The Supreme Night Bear', NULL, '2020-08-27 00:43:42'),
(240, 34, 'Tiger', 'The Wretched Pest', '9999.999999', '2020-08-27 00:44:12'),
(241, 30, 'Dragon', 'The Lone Butcher Dragon', '9999.999999', '2020-08-27 00:44:43'),
(242, 30, 'Dragon', 'The Infamous Weirdo', '9999.999999', '2020-08-27 00:45:36'),
(243, 34, 'Tiger', 'The White Eyes', '2333.589140', '2020-08-27 00:46:06'),
(244, NULL, 'God', 'The Supreme Night Bear', NULL, '2020-08-27 00:46:36'),
(245, 34, 'Tiger', 'The Jade Army Jackal', '252.665374', '2020-08-27 00:47:06'),
(246, 34, 'Tiger', 'Dawnmouth', '2332.973590', '2020-08-27 00:47:36'),
(247, 34, 'Tiger', 'The White Eyes', '9999.999999', '2020-08-27 00:48:06'),
(248, NULL, 'Wolf', 'The Raging Night Wolf', NULL, '2020-08-27 00:49:02'),
(249, 34, 'Tiger', 'The Giant Sun Swine', '9999.999999', '2020-08-27 00:49:37'),
(250, NULL, 'Wolf', 'The Jade Army Jackal', NULL, '2020-08-27 00:50:07'),
(251, NULL, 'Wolf', 'The Jade Army Jackal', NULL, '2020-08-27 00:50:37'),
(252, 30, 'Dragon', 'Doommorph', '9999.999999', '2020-08-27 00:51:07'),
(253, 30, 'Dragon', 'Dawnmouth', '9999.999999', '2020-08-27 00:51:37'),
(254, 30, 'Dragon', 'Horrortooth', '2326.314216', '2020-08-27 00:52:07'),
(255, 30, 'Dragon', 'Grimefoot', '9999.999999', '2020-08-27 00:52:37'),
(256, NULL, 'Wolf', 'The Lone Butcher Dragon', NULL, '2020-08-27 00:53:35'),
(257, 30, 'Dragon', 'Dawnmouth', '9999.999999', '2020-08-27 00:54:05'),
(258, NULL, 'Wolf', 'The Wretched Pest', NULL, '2020-08-27 00:56:05'),
(259, 30, 'Dragon', 'Blazeteeth', '58.284883', '2020-08-27 00:57:09'),
(260, 30, 'Dragon', 'The White Eyes', '9999.999999', '2020-08-27 00:57:50'),
(261, 30, 'Dragon', 'The Ugly Mongrel', '9999.999999', '2020-08-27 00:58:20'),
(262, NULL, 'Wolf', 'Dreamseeker', NULL, '2020-08-27 00:59:37'),
(263, NULL, 'God', 'Helltree', NULL, '2020-08-27 01:00:07'),
(264, NULL, 'Wolf', 'Dawnmouth', NULL, '2020-08-27 01:00:37'),
(265, NULL, 'God', 'Grimefoot', NULL, '2020-08-27 01:01:08'),
(266, NULL, 'Wolf', 'Doommorph', NULL, '2020-08-27 01:02:05'),
(267, 30, 'Dragon', 'Dreamseeker', '9554.634483', '2020-08-27 01:02:35'),
(268, NULL, 'Wolf', 'Dawnmouth', NULL, '2020-08-27 01:03:05'),
(269, NULL, 'God', 'The Infamous Weirdo', NULL, '2020-08-27 01:03:35'),
(270, NULL, 'Wolf', 'Dreamseeker', NULL, '2020-08-27 01:04:30'),
(271, NULL, 'Wolf', 'The Giant Sun Swine', NULL, '2020-08-27 01:05:00'),
(272, NULL, 'God', 'The Wretched Pest', NULL, '2020-08-27 01:05:37'),
(273, 34, 'Tiger', 'Spiritmouth', '2324.959283', '2020-08-27 01:06:07'),
(274, 34, 'Tiger', 'The Ugly Mongrel', '9551.686814', '2020-08-27 01:07:14'),
(275, NULL, 'God', 'The White Eyes', NULL, '2020-08-27 01:07:44'),
(276, 34, 'Tiger', 'Dawnmouth', '9999.999999', '2020-08-27 01:08:14'),
(277, NULL, 'Wolf', 'The Lone Butcher Dragon', NULL, '2020-08-27 01:08:44'),
(278, 34, 'Tiger', 'The Slender Rot Lion', '9558.651061', '2020-08-27 01:09:14'),
(279, 30, 'Dragon', 'The Lone Butcher Dragon', '2312.864051', '2020-08-27 01:09:44'),
(280, 30, 'Dragon', 'Blazeteeth', '9999.999999', '2020-08-27 01:10:14'),
(281, NULL, 'God', 'The Infamous Weirdo', NULL, '2020-08-27 01:11:13'),
(282, 34, 'Tiger', 'Doommorph', '9999.999999', '2020-08-27 01:11:45'),
(283, NULL, 'Wolf', 'The White Eyes', NULL, '2020-08-27 01:12:15'),
(284, 34, 'Tiger', 'Doommorph', '9999.999999', '2020-08-27 01:12:45'),
(285, NULL, 'Wolf', 'The Lone Butcher Dragon', NULL, '2020-08-27 01:13:28'),
(286, NULL, 'Wolf', 'Spiritmouth', NULL, '2020-08-27 01:13:58'),
(287, 30, 'Dragon', 'Helltree', '9999.999999', '2020-08-27 01:15:25'),
(288, NULL, 'God', 'The Dismal Guardian', NULL, '2020-08-27 01:15:55'),
(289, 34, 'Tiger', 'The Grotesque Abomination', '649.117257', '2020-08-27 01:16:25'),
(290, 30, 'Dragon', 'The Raging Night Wolf', '2308.452196', '2020-08-27 01:16:55'),
(291, 34, 'Tiger', 'Blazeteeth', '9999.999999', '2020-08-27 01:17:25'),
(292, 34, 'Tiger', 'Blazeteeth', '2305.666583', '2020-08-27 01:17:55'),
(293, NULL, 'Wolf', 'Grimefoot', NULL, '2020-08-27 01:18:25'),
(294, 34, 'Tiger', 'The Dismal Guardian', '2307.771269', '2020-08-27 01:18:55'),
(295, 30, 'Dragon', 'Horrortooth', '9999.999999', '2020-08-27 01:19:25'),
(296, 34, 'Tiger', 'The Grotesque Abomination', '9999.999999', '2020-08-27 01:19:55'),
(297, NULL, 'Wolf', 'Helltree', NULL, '2020-08-27 01:20:28'),
(298, NULL, 'Wolf', 'Dreamseeker', NULL, '2020-08-27 01:21:00'),
(299, NULL, 'God', 'Grimefoot', NULL, '2020-08-27 01:22:12'),
(300, NULL, 'God', 'The Grotesque Abomination', NULL, '2020-08-27 01:22:44'),
(301, NULL, 'Wolf', 'The Slender Rot Lion', NULL, '2020-08-27 01:23:37'),
(302, NULL, 'God', 'Horrortooth', NULL, '2020-08-27 01:24:07'),
(303, 34, 'Tiger', 'Dawnmouth', '609.717490', '2020-08-27 01:25:00'),
(304, NULL, 'Wolf', 'The Giant Sun Swine', NULL, '2020-08-27 01:25:30'),
(305, NULL, 'God', 'The Grotesque Abomination', NULL, '2020-08-27 01:26:00'),
(306, 34, 'Tiger', 'The Supreme Night Bear', '9999.999999', '2020-08-27 01:26:30'),
(307, NULL, 'Wolf', 'Doommorph', NULL, '2020-08-27 01:27:00'),
(308, 34, 'Tiger', 'The Grotesque Abomination', '9999.999999', '2020-08-27 01:27:30'),
(309, 34, 'Tiger', 'Grimefoot', '784.749743', '2020-08-27 01:28:00'),
(310, NULL, 'God', 'The Slender Rot Lion', NULL, '2020-08-27 01:28:30'),
(311, NULL, 'God', 'The Infamous Weirdo', NULL, '2020-08-27 01:29:00'),
(312, 41, 'Dragon', 'Spiritmouth', '9554.157293', '2020-08-27 01:29:30'),
(313, NULL, 'God', 'The Giant Sun Swine', NULL, '2020-08-27 01:30:00'),
(314, 34, 'Tiger', 'The Giant Sun Swine', '2305.550142', '2020-08-27 01:30:30'),
(315, NULL, 'God', 'Horrortooth', NULL, '2020-08-27 01:31:00'),
(316, 34, 'Tiger', 'Dawnmouth', '2320.422227', '2020-08-27 01:31:30'),
(317, 41, 'Dragon', 'The White Eyes', '9999.999999', '2020-08-27 01:32:00'),
(318, NULL, 'Wolf', 'The Giant Sun Swine', NULL, '2020-08-27 01:32:30'),
(319, 34, 'Tiger', 'The Dismal Guardian', '9549.766344', '2020-08-27 01:33:00'),
(320, 41, 'Dragon', 'The White Eyes', '9999.999999', '2020-08-27 01:33:30'),
(321, NULL, 'God', 'Horrortooth', NULL, '2020-08-27 01:34:00'),
(322, NULL, 'God', 'The Supreme Night Bear', NULL, '2020-08-27 01:34:30'),
(323, NULL, 'God', 'Blazeteeth', NULL, '2020-08-27 01:35:00'),
(324, 41, 'Dragon', 'Dawnmouth', '1149.503419', '2020-08-27 01:35:30'),
(325, 41, 'Dragon', 'The Wretched Pest', '384.497169', '2020-08-27 01:36:00'),
(326, 41, 'Dragon', 'The Wretched Pest', '9569.516351', '2020-08-27 01:36:30'),
(327, 34, 'Tiger', 'Spiritmouth', '9999.999999', '2020-08-27 01:37:00'),
(328, NULL, 'God', 'The White Eyes', NULL, '2020-08-27 01:37:30'),
(329, 41, 'Dragon', 'Blazeteeth', '1414.381023', '2020-08-27 01:38:00'),
(330, 41, 'Dragon', 'The White Eyes', '9999.999999', '2020-08-27 01:38:30'),
(331, NULL, 'Wolf', 'Doommorph', NULL, '2020-08-27 01:39:00'),
(332, 41, 'Dragon', 'Dawnmouth', '9999.999999', '2020-08-27 01:39:30'),
(333, NULL, 'God', 'Doommorph', NULL, '2020-08-27 01:40:00'),
(334, 34, 'Tiger', 'Dreamseeker', '1271.329738', '2020-08-27 01:40:30'),
(335, NULL, 'God', 'The Giant Sun Swine', NULL, '2020-08-27 01:41:00'),
(336, 34, 'Tiger', 'Helltree', '9560.531422', '2020-08-27 01:41:30'),
(337, NULL, 'Wolf', 'Spiritmouth', NULL, '2020-08-27 01:42:00'),
(338, NULL, 'Wolf', 'The Infamous Weirdo', NULL, '2020-08-27 01:42:30'),
(339, NULL, 'God', 'Spiritmouth', NULL, '2020-08-27 01:43:00'),
(340, NULL, 'Wolf', 'Helltree', NULL, '2020-08-27 01:43:30'),
(341, 41, 'Dragon', 'The Wretched Pest', '9999.999999', '2020-08-27 01:44:00'),
(342, 41, 'Dragon', 'Horrortooth', '9562.632526', '2020-08-27 01:44:30'),
(343, NULL, 'Wolf', 'Doommorph', NULL, '2020-08-27 01:45:00'),
(344, NULL, 'God', 'The White Eyes', NULL, '2020-08-27 01:45:30'),
(345, 41, 'Dragon', 'The Dismal Guardian', '9999.999999', '2020-08-27 01:46:00'),
(346, 34, 'Tiger', 'Dreamseeker', '9999.999999', '2020-08-27 01:46:30'),
(347, 41, 'Dragon', 'Grimefoot', '9551.281086', '2020-08-27 01:47:00'),
(348, 41, 'Dragon', 'Grimefoot', '9999.999999', '2020-08-27 01:47:30'),
(349, NULL, 'God', 'The Raging Night Wolf', NULL, '2020-08-27 01:48:00'),
(350, NULL, 'God', 'Helltree', NULL, '2020-08-27 01:48:30'),
(351, 34, 'Tiger', 'The Giant Sun Swine', '9551.824837', '2020-08-27 01:49:00'),
(352, 41, 'Dragon', 'Doommorph', '9999.999999', '2020-08-27 01:49:30'),
(353, NULL, 'God', 'The Wretched Pest', NULL, '2020-08-27 01:50:00'),
(354, NULL, 'Wolf', 'The Wretched Pest', NULL, '2020-08-27 01:50:30'),
(355, 41, 'Dragon', 'Doommorph', '9999.999999', '2020-08-27 01:51:00'),
(356, NULL, 'God', 'The Ugly Mongrel', NULL, '2020-08-27 01:51:30'),
(357, NULL, 'God', 'The Lone Butcher Dragon', NULL, '2020-08-27 01:52:00'),
(358, NULL, 'God', 'The Grotesque Abomination', NULL, '2020-08-27 01:52:30'),
(359, 41, 'Dragon', 'The Lone Butcher Dragon', '9999.999999', '2020-08-27 01:53:00'),
(360, 41, 'Dragon', 'Doommorph', '9999.999999', '2020-08-27 01:53:30'),
(361, 34, 'Tiger', 'Helltree', '9999.999999', '2020-08-27 01:54:00'),
(362, 34, 'Tiger', 'Doommorph', '9999.999999', '2020-08-27 01:54:30'),
(363, 41, 'Dragon', 'Dreamseeker', '9999.999999', '2020-08-27 01:55:00'),
(364, 41, 'Dragon', 'The Slender Rot Lion', '9999.999999', '2020-08-27 01:55:30'),
(365, 41, 'Dragon', 'The Lone Butcher Dragon', '9999.999999', '2020-08-27 01:56:00'),
(366, NULL, 'God', 'The White Eyes', NULL, '2020-08-27 01:56:30'),
(367, NULL, 'God', 'Spiritmouth', NULL, '2020-08-27 01:57:00'),
(368, NULL, 'God', 'The Supreme Night Bear', NULL, '2020-08-27 01:57:30'),
(369, 34, 'Tiger', 'The White Eyes', '2324.199946', '2020-08-27 01:58:21'),
(370, 41, 'Dragon', 'The Dismal Guardian', '9999.999999', '2020-08-27 01:58:51'),
(371, NULL, 'God', 'Dreamseeker', NULL, '2020-08-27 01:59:21'),
(372, 34, 'Tiger', 'The Infamous Weirdo', '9999.999999', '2020-08-27 01:59:51'),
(373, NULL, 'Wolf', 'The Supreme Night Bear', NULL, '2020-08-27 02:00:21'),
(374, NULL, 'Wolf', 'Horrortooth', NULL, '2020-08-27 02:00:51'),
(375, NULL, 'God', 'Dreamseeker', NULL, '2020-08-27 02:01:21'),
(376, NULL, 'God', 'The Giant Sun Swine', NULL, '2020-08-27 02:01:51'),
(377, 34, 'Tiger', 'The Raging Night Wolf', '2323.716172', '2020-08-27 02:02:21'),
(378, NULL, 'God', 'Horrortooth', NULL, '2020-08-27 02:02:51'),
(379, NULL, 'Wolf', 'The Lone Butcher Dragon', NULL, '2020-08-27 02:03:21'),
(380, NULL, 'Wolf', 'Blazeteeth', NULL, '2020-08-27 02:03:51'),
(381, NULL, 'God', 'Dreamseeker', NULL, '2020-08-27 02:04:21'),
(382, NULL, 'Wolf', 'Grimefoot', NULL, '2020-08-27 02:04:51'),
(383, 34, 'Tiger', 'Spiritmouth', '9999.999999', '2020-08-27 02:05:21'),
(384, NULL, 'God', 'The Giant Sun Swine', NULL, '2020-08-27 02:05:51'),
(385, 41, 'Dragon', 'The Infamous Weirdo', '9999.999999', '2020-08-27 02:06:22'),
(386, NULL, 'Wolf', 'Blazeteeth', NULL, '2020-08-27 02:06:51'),
(387, NULL, 'Wolf', 'Helltree', NULL, '2020-08-27 02:07:21'),
(388, NULL, 'God', 'Dawnmouth', NULL, '2020-08-27 02:07:51'),
(389, NULL, 'Wolf', 'Horrortooth', NULL, '2020-08-27 02:08:21'),
(390, 41, 'Dragon', 'Dreamseeker', '9999.999999', '2020-08-27 02:08:51'),
(391, 34, 'Tiger', 'The Ugly Mongrel', '9999.999999', '2020-08-27 02:09:21'),
(392, NULL, 'God', 'The Grotesque Abomination', NULL, '2020-08-27 02:09:51'),
(393, NULL, 'Wolf', 'Helltree', NULL, '2020-08-27 02:10:21'),
(394, 41, 'Dragon', 'The Supreme Night Bear', '2332.921165', '2020-08-27 02:10:51'),
(395, NULL, 'God', 'Spiritmouth', NULL, '2020-08-27 02:11:21'),
(396, NULL, 'God', 'The White Eyes', NULL, '2020-08-27 02:11:51'),
(397, NULL, 'God', 'The Wretched Pest', NULL, '2020-08-27 02:12:21'),
(398, NULL, 'God', 'Doommorph', NULL, '2020-08-27 02:12:51'),
(399, NULL, 'Wolf', 'The White Eyes', NULL, '2020-08-27 02:13:21'),
(400, NULL, 'Wolf', 'Grimefoot', NULL, '2020-08-27 02:13:51'),
(401, 34, 'Tiger', 'The Raging Night Wolf', '9999.999999', '2020-08-27 02:14:21'),
(402, 34, 'Tiger', 'Spiritmouth', '9999.999999', '2020-08-27 02:14:51'),
(403, 41, 'Dragon', 'The Lone Butcher Dragon', '9999.999999', '2020-08-27 02:15:21'),
(404, NULL, 'God', 'Horrortooth', NULL, '2020-08-27 02:15:51'),
(405, NULL, 'God', 'The Dismal Guardian', NULL, '2020-08-27 02:16:21'),
(406, NULL, 'God', 'Blazeteeth', NULL, '2020-08-27 02:17:08'),
(407, 34, 'Tiger', 'The White Eyes', '9999.999999', '2020-08-27 02:17:37'),
(408, NULL, 'Wolf', 'Blazeteeth', NULL, '2020-08-27 02:18:08'),
(409, NULL, 'Wolf', 'Dreamseeker', NULL, '2020-08-27 02:18:38'),
(410, NULL, 'God', 'Dreamseeker', NULL, '2020-08-27 02:19:08'),
(411, 41, 'Dragon', 'Blazeteeth', '9999.999999', '2020-08-27 02:19:38'),
(412, 41, 'Dragon', 'Dawnmouth', '9545.394660', '2020-08-27 02:20:08'),
(413, 384, 'Tiger', 'The Slender Rot Lion', '9999.999999', '2020-09-01 04:45:51'),
(414, 384, 'Tiger', 'Dreamseeker', '9999.999999', '2020-09-01 04:46:21'),
(415, 384, 'Tiger', 'Doommorph', '9999.999999', '2020-09-01 04:46:51'),
(416, 547, 'God', 'Horrortooth', '9574.487856', '2020-09-01 04:47:21'),
(417, 548, 'Dragon', 'Spiritmouth', '2326.794366', '2020-09-01 04:47:51'),
(418, 384, 'Tiger', 'The White Eyes', '438.340696', '2020-09-01 04:48:21'),
(419, 548, 'Dragon', 'The White Eyes', '2312.624941', '2020-09-01 04:48:51'),
(420, 550, 'Wolf', 'Dawnmouth', '9555.613755', '2020-09-01 04:49:21'),
(421, 550, 'Wolf', 'Grimefoot', '9553.748504', '2020-09-01 04:49:51'),
(422, 547, 'God', 'The Dismal Guardian', '412.656378', '2020-09-01 04:50:21'),
(423, 547, 'God', 'The Slender Rot Lion', '23.986071', '2020-09-01 04:50:51'),
(424, 548, 'Dragon', 'The Supreme Night Bear', '9999.999999', '2020-09-01 04:51:21'),
(425, 550, 'Wolf', 'Horrortooth', '9999.999999', '2020-09-01 04:51:51'),
(426, 547, 'God', 'The Dismal Guardian', '9999.999999', '2020-09-01 04:52:21'),
(427, 549, 'Tiger', 'Spiritmouth', '9999.999999', '2020-09-01 04:52:51'),
(428, 550, 'Wolf', 'The Ugly Mongrel', '9999.999999', '2020-09-01 04:53:21'),
(429, 550, 'Wolf', 'The Slender Rot Lion', '9999.999999', '2020-09-01 04:53:51'),
(430, 548, 'Dragon', 'Dreamseeker', '9572.526101', '2020-09-01 04:54:21'),
(431, 547, 'God', 'Dreamseeker', '2318.582959', '2020-09-01 04:54:51'),
(432, 548, 'Dragon', 'The Dismal Guardian', '9558.986711', '2020-09-01 04:55:21'),
(433, 547, 'God', 'Dreamseeker', '145.663912', '2020-09-01 04:55:51'),
(434, 547, 'God', 'Dreamseeker', '9572.359129', '2020-09-01 04:56:21'),
(435, 548, 'Dragon', 'Spiritmouth', '9999.999999', '2020-09-01 04:56:51'),
(436, 550, 'Wolf', 'The White Eyes', '9999.999999', '2020-09-01 04:57:21'),
(437, 550, 'Wolf', 'The Ugly Mongrel', '9999.999999', '2020-09-01 04:57:51'),
(438, 550, 'Wolf', 'The Slender Rot Lion', '2304.106470', '2020-09-01 04:58:21'),
(439, 549, 'Tiger', 'The Infamous Weirdo', '2304.530900', '2020-09-01 04:58:51'),
(440, 548, 'Dragon', 'The Jade Army Jackal', '9547.200513', '2020-09-01 04:59:21'),
(441, 547, 'God', 'The Lone Butcher Dragon', '2318.821885', '2020-09-01 04:59:51'),
(442, 548, 'Dragon', 'Dawnmouth', '9999.999999', '2020-09-01 05:00:21'),
(443, 549, 'Tiger', 'Blazeteeth', '9547.397488', '2020-09-01 05:00:51'),
(444, 548, 'Dragon', 'Horrortooth', '9999.999999', '2020-09-01 05:01:21'),
(445, 549, 'Tiger', 'Grimefoot', '2333.318869', '2020-09-01 05:01:51'),
(446, 548, 'Dragon', 'Doommorph', '9999.999999', '2020-09-01 05:02:21'),
(447, 550, 'Wolf', 'Dreamseeker', '2333.044537', '2020-09-01 05:02:51'),
(448, 550, 'Wolf', 'Dawnmouth', '9999.999999', '2020-09-01 05:03:21'),
(449, 548, 'Dragon', 'Blazeteeth', '9999.999999', '2020-09-01 05:03:51'),
(450, 547, 'God', 'The Grotesque Abomination', '424.837612', '2020-09-01 05:04:21'),
(451, 547, 'God', 'Blazeteeth', '1301.068626', '2020-09-01 05:04:51'),
(452, 548, 'Dragon', 'The Jade Army Jackal', '9999.999999', '2020-09-01 05:05:21'),
(453, 547, 'God', 'The Lone Butcher Dragon', '9999.999999', '2020-09-01 05:05:51'),
(454, 550, 'Wolf', 'The Wretched Pest', '9999.999999', '2020-09-01 05:06:21'),
(455, 550, 'Wolf', 'The Jade Army Jackal', '9570.294705', '2020-09-01 05:06:51'),
(456, 548, 'Dragon', 'The Dismal Guardian', '9559.209622', '2020-09-01 05:07:21'),
(457, 547, 'God', 'Doommorph', '9999.999999', '2020-09-01 05:08:48'),
(458, 550, 'Wolf', 'The Supreme Night Bear', '9999.999999', '2020-09-01 05:09:18'),
(459, 549, 'Tiger', 'The Slender Rot Lion', '9555.698121', '2020-09-01 05:09:53'),
(460, 548, 'Dragon', 'The Slender Rot Lion', '9999.999999', '2020-09-01 05:10:23'),
(461, 550, 'Wolf', 'The Supreme Night Bear', '2317.005171', '2020-09-01 05:10:53'),
(462, 547, 'God', 'The Infamous Weirdo', '224.641294', '2020-09-01 05:11:23'),
(463, 547, 'God', 'The Infamous Weirdo', '9999.999999', '2020-09-01 05:11:53'),
(464, 551, 'Dragon', 'The Supreme Night Bear', '484.470473', '2020-09-01 05:12:23'),
(465, 551, 'Dragon', 'Dawnmouth', '362.391471', '2020-09-01 05:12:53'),
(466, 550, 'Wolf', 'The Grotesque Abomination', '9561.601756', '2020-09-01 05:13:23'),
(467, 547, 'God', 'The Raging Night Wolf', '203.575453', '2020-09-01 05:13:53'),
(468, 547, 'God', 'The Infamous Weirdo', '9547.892369', '2020-09-01 05:14:23'),
(469, 551, 'Dragon', 'The Ugly Mongrel', '9555.886298', '2020-09-01 05:14:53'),
(470, 549, 'Tiger', 'Grimefoot', '2332.170193', '2020-09-01 05:15:23'),
(471, 549, 'Tiger', 'Spiritmouth', '9999.999999', '2020-09-01 05:15:53'),
(472, 551, 'Dragon', 'Helltree', '9555.265073', '2020-09-01 05:16:23'),
(473, 551, 'Dragon', 'The White Eyes', '9999.999999', '2020-09-01 05:16:53'),
(474, 549, 'Tiger', 'The Dismal Guardian', '9999.999999', '2020-09-01 05:17:23'),
(475, 547, 'God', 'The White Eyes', '302.179691', '2020-09-01 05:17:53'),
(476, 550, 'Wolf', 'Spiritmouth', '9999.999999', '2020-09-01 05:18:23'),
(477, 549, 'Tiger', 'The Wretched Pest', '283.572302', '2020-09-01 05:18:53'),
(478, 551, 'Dragon', 'The Wretched Pest', '2332.000895', '2020-09-01 05:19:23'),
(479, 549, 'Tiger', 'Blazeteeth', '9999.999999', '2020-09-01 05:19:53'),
(480, 547, 'God', 'The Giant Sun Swine', '9999.999999', '2020-09-01 05:20:23'),
(481, 547, 'God', 'The White Eyes', '2335.736872', '2020-09-01 05:20:53'),
(482, 550, 'Wolf', 'The Grotesque Abomination', '9999.999999', '2020-09-01 05:21:23'),
(483, 551, 'Dragon', 'The Dismal Guardian', '2331.608099', '2020-09-01 05:21:53'),
(484, 550, 'Wolf', 'Helltree', '597.883765', '2020-09-01 05:22:23'),
(485, 550, 'Wolf', 'The Infamous Weirdo', '2330.123138', '2020-09-01 05:22:53'),
(486, 551, 'Dragon', 'Spiritmouth', '9554.587548', '2020-09-01 05:23:23'),
(487, 550, 'Wolf', 'Doommorph', '9999.999999', '2020-09-01 05:23:53'),
(488, 547, 'God', 'The Ugly Mongrel', '9999.999999', '2020-09-01 05:24:30'),
(489, 551, 'Dragon', 'Dawnmouth', '9999.999999', '2020-09-01 05:25:00'),
(490, 551, 'Dragon', 'Helltree', '9999.999999', '2020-09-01 05:26:00'),
(491, 551, 'Dragon', 'Helltree', '419.714016', '2020-09-01 05:26:30'),
(492, 551, 'Dragon', 'Spiritmouth', '9999.999999', '2020-09-01 05:27:00'),
(493, 551, 'Dragon', 'Dreamseeker', '9564.443774', '2020-09-01 05:27:30'),
(494, 551, 'Dragon', 'Grimefoot', '1409.537246', '2020-09-01 05:28:00'),
(495, 550, 'Wolf', 'Horrortooth', '2331.120141', '2020-09-01 05:28:30'),
(496, 549, 'Tiger', 'The Grotesque Abomination', '9550.511708', '2020-09-01 05:29:00'),
(497, 549, 'Tiger', 'The White Eyes', '886.015783', '2020-09-01 05:29:30'),
(498, 550, 'Wolf', 'Spiritmouth', '9549.688666', '2020-09-01 05:30:00'),
(499, 551, 'Dragon', 'The Infamous Weirdo', '9999.999999', '2020-09-01 05:30:30'),
(500, 551, 'Dragon', 'The Lone Butcher Dragon', '570.833339', '2020-09-01 05:31:00'),
(501, 549, 'Tiger', 'Dreamseeker', '1253.613815', '2020-09-01 05:31:30'),
(502, 550, 'Wolf', 'The Ugly Mongrel', '9576.043008', '2020-09-01 05:32:00'),
(503, 551, 'Dragon', 'The Supreme Night Bear', '2322.448162', '2020-09-01 05:32:30'),
(504, 551, 'Dragon', 'Spiritmouth', '2301.296888', '2020-09-01 05:33:00'),
(505, 551, 'Dragon', 'Blazeteeth', '9999.999999', '2020-09-01 05:33:31'),
(506, 549, 'Tiger', 'Dreamseeker', '9552.985970', '2020-09-01 05:34:00'),
(507, 549, 'Tiger', 'The Grotesque Abomination', '1102.581073', '2020-09-01 05:34:30'),
(508, 547, 'God', 'The Infamous Weirdo', '9999.999999', '2020-09-01 05:35:00'),
(509, 551, 'Dragon', 'Blazeteeth', '9999.999999', '2020-09-01 05:35:30'),
(510, 550, 'Wolf', 'Dawnmouth', '9572.806155', '2020-09-01 05:36:00'),
(511, 551, 'Dragon', 'The Supreme Night Bear', '9556.505323', '2020-09-01 05:36:30'),
(512, 550, 'Wolf', 'The Jade Army Jackal', '9999.999999', '2020-09-01 05:37:00'),
(513, 551, 'Dragon', 'The Slender Rot Lion', '1301.247034', '2020-09-01 05:37:30'),
(514, 551, 'Dragon', 'The Jade Army Jackal', '9999.999999', '2020-09-01 05:38:00'),
(515, 547, 'God', 'The Grotesque Abomination', '9999.999999', '2020-09-01 05:38:30'),
(516, 547, 'God', 'The Grotesque Abomination', '9567.421673', '2020-09-01 05:39:00'),
(517, 549, 'Tiger', 'The Lone Butcher Dragon', '9999.999999', '2020-09-01 05:39:30'),
(518, 551, 'Dragon', 'The Slender Rot Lion', '9554.585994', '2020-09-01 05:40:00'),
(519, 551, 'Dragon', 'Blazeteeth', '9999.999999', '2020-09-01 05:40:30'),
(520, 549, 'Tiger', 'Dawnmouth', '2328.957605', '2020-09-01 05:41:00'),
(521, 550, 'Wolf', 'The Infamous Weirdo', '1349.256719', '2020-09-01 05:41:30'),
(522, 551, 'Dragon', 'Dreamseeker', '9999.999999', '2020-09-01 05:42:00'),
(523, 547, 'God', 'The Raging Night Wolf', '9566.000142', '2020-09-01 05:42:30'),
(524, 550, 'Wolf', 'Spiritmouth', '9552.461309', '2020-09-01 05:43:00'),
(525, 547, 'God', 'The White Eyes', '2314.202186', '2020-09-01 05:43:30'),
(526, 550, 'Wolf', 'The Ugly Mongrel', '9999.999999', '2020-09-01 05:44:00'),
(527, 551, 'Dragon', 'Grimefoot', '44.285299', '2020-09-01 05:44:30'),
(528, 547, 'God', 'Dreamseeker', '9999.999999', '2020-09-01 05:45:00'),
(529, 551, 'Dragon', 'Doommorph', '615.444021', '2020-09-01 05:45:30'),
(530, 549, 'Tiger', 'The Grotesque Abomination', '428.283337', '2020-09-01 05:46:00'),
(531, 547, 'God', 'The Giant Sun Swine', '9999.999999', '2020-09-01 05:46:30'),
(532, 550, 'Wolf', 'The Infamous Weirdo', '9564.414865', '2020-09-01 05:47:00'),
(533, 550, 'Wolf', 'The Wretched Pest', '2321.367848', '2020-09-01 05:47:30'),
(534, 547, 'God', 'Dreamseeker', '9568.639614', '2020-09-01 05:48:00'),
(535, 547, 'God', 'Dreamseeker', '856.996515', '2020-09-01 05:48:30'),
(536, 551, 'Dragon', 'The Giant Sun Swine', '9999.999999', '2020-09-01 05:49:00'),
(537, 547, 'God', 'The Ugly Mongrel', '9552.615522', '2020-09-01 05:49:30'),
(538, 549, 'Tiger', 'The Supreme Night Bear', '9999.999999', '2020-09-01 05:50:00'),
(539, 550, 'Wolf', 'The Raging Night Wolf', '382.290201', '2020-09-01 05:50:30'),
(540, 547, 'God', 'Blazeteeth', '23.176643', '2020-09-01 05:51:00'),
(541, 551, 'Dragon', 'The Lone Butcher Dragon', '559.762275', '2020-09-01 05:51:30'),
(542, 549, 'Tiger', 'Grimefoot', '9999.999999', '2020-09-01 05:52:00'),
(543, 550, 'Wolf', 'The Raging Night Wolf', '9999.999999', '2020-09-01 05:52:30'),
(544, 550, 'Wolf', 'The Wretched Pest', '2311.203134', '2020-09-01 05:53:00'),
(545, 550, 'Wolf', 'Grimefoot', '9999.999999', '2020-09-01 05:53:30'),
(546, 547, 'God', 'The Supreme Night Bear', '1011.158338', '2020-09-01 05:54:00'),
(547, 547, 'God', 'The Infamous Weirdo', '9999.999999', '2020-09-01 05:54:30'),
(548, 549, 'Tiger', 'Doommorph', '2313.151427', '2020-09-01 05:55:00'),
(549, 547, 'God', 'Dawnmouth', '9553.121371', '2020-09-01 05:55:30'),
(550, 547, 'God', 'The Supreme Night Bear', '9999.999999', '2020-09-01 05:56:00'),
(551, 551, 'Dragon', 'Grimefoot', '2331.262779', '2020-09-01 05:56:30'),
(552, 547, 'God', 'Dawnmouth', '9571.343720', '2020-09-01 05:57:00'),
(553, 549, 'Tiger', 'The Giant Sun Swine', '9562.125073', '2020-09-01 05:57:30'),
(554, 550, 'Wolf', 'Horrortooth', '2318.889864', '2020-09-01 05:58:00'),
(555, 549, 'Tiger', 'Horrortooth', '9552.385841', '2020-09-01 05:58:30'),
(556, 551, 'Dragon', 'Horrortooth', '2301.572903', '2020-09-01 05:59:00'),
(557, 551, 'Dragon', 'Dawnmouth', '9999.999999', '2020-09-01 05:59:30'),
(558, 547, 'God', 'Grimefoot', '1565.511793', '2020-09-01 06:00:00'),
(559, 549, 'Tiger', 'The White Eyes', '9999.999999', '2020-09-01 06:00:53'),
(560, 547, 'God', 'Blazeteeth', '9999.999999', '2020-09-01 06:01:23'),
(561, 550, 'Wolf', 'Horrortooth', '9999.999999', '2020-09-01 06:01:53'),
(562, 549, 'Tiger', 'The Jade Army Jackal', '618.320851', '2020-09-01 06:02:23'),
(563, 547, 'God', 'The Jade Army Jackal', '2318.238352', '2020-09-01 06:02:53'),
(564, 551, 'Dragon', 'The White Eyes', '412.493878', '2020-09-01 06:03:23'),
(565, 550, 'Wolf', 'The Lone Butcher Dragon', '9999.999999', '2020-09-01 06:03:53'),
(566, 550, 'Wolf', 'The Giant Sun Swine', '744.496708', '2020-09-01 06:04:23'),
(567, 550, 'Wolf', 'The Supreme Night Bear', '9564.653853', '2020-09-01 06:04:53'),
(568, 547, 'God', 'The White Eyes', '9999.999999', '2020-09-01 06:05:23'),
(569, 550, 'Wolf', 'The Lone Butcher Dragon', '1056.276111', '2020-09-01 06:05:53'),
(570, 549, 'Tiger', 'The Dismal Guardian', '9999.999999', '2020-09-01 06:06:23'),
(571, 551, 'Dragon', 'The Grotesque Abomination', '2326.096288', '2020-09-01 06:06:53'),
(572, 551, 'Dragon', 'Blazeteeth', '9999.999999', '2020-09-01 06:07:23'),
(573, 547, 'God', 'The Supreme Night Bear', '9999.999999', '2020-09-01 06:07:53'),
(574, 547, 'God', 'Grimefoot', '2307.541103', '2020-09-01 06:08:23'),
(575, 549, 'Tiger', 'The Slender Rot Lion', '9999.999999', '2020-09-01 06:08:53'),
(576, 549, 'Tiger', 'Spiritmouth', '9545.627530', '2020-09-01 06:09:23'),
(577, 550, 'Wolf', 'The Supreme Night Bear', '2326.999377', '2020-09-01 06:09:53'),
(578, 551, 'Dragon', 'The Ugly Mongrel', '2316.987114', '2020-09-01 06:10:23'),
(579, 551, 'Dragon', 'Horrortooth', '9999.999999', '2020-09-01 06:10:53'),
(580, 547, 'God', 'The Wretched Pest', '9999.999999', '2020-09-01 06:11:23'),
(581, 549, 'Tiger', 'The Slender Rot Lion', '9999.999999', '2020-09-01 06:11:53'),
(582, 550, 'Wolf', 'The White Eyes', '9552.554697', '2020-09-01 06:12:23'),
(583, 550, 'Wolf', 'Dreamseeker', '9999.999999', '2020-09-01 06:12:53'),
(584, 550, 'Wolf', 'Dreamseeker', '178.417861', '2020-09-01 06:13:23'),
(585, 551, 'Dragon', 'The White Eyes', '2318.992617', '2020-09-01 06:13:53'),
(586, 547, 'God', 'Horrortooth', '9559.888935', '2020-09-01 06:14:23'),
(587, 549, 'Tiger', 'The Lone Butcher Dragon', '9999.999999', '2020-09-01 06:14:53'),
(588, 550, 'Wolf', 'Horrortooth', '358.935103', '2020-09-01 06:15:23'),
(589, 551, 'Dragon', 'The Jade Army Jackal', '2316.851962', '2020-09-01 06:15:53'),
(590, 551, 'Dragon', 'Doommorph', '2316.987551', '2020-09-01 06:16:23'),
(591, 551, 'Dragon', 'Blazeteeth', '9999.999999', '2020-09-01 06:16:53'),
(592, 547, 'God', 'The White Eyes', '1073.360649', '2020-09-01 06:17:23'),
(593, 551, 'Dragon', 'The White Eyes', '2308.385327', '2020-09-01 06:17:53'),
(594, 550, 'Wolf', 'Grimefoot', '2321.279999', '2020-09-01 06:18:23'),
(595, 550, 'Wolf', 'The Giant Sun Swine', '9999.999999', '2020-09-01 06:18:53'),
(596, 549, 'Tiger', 'Helltree', '9559.185096', '2020-09-01 06:19:23'),
(597, 549, 'Tiger', 'The Grotesque Abomination', '9568.675534', '2020-09-01 06:19:53'),
(598, 549, 'Tiger', 'The Raging Night Wolf', '2307.797609', '2020-09-01 06:20:23'),
(599, 549, 'Tiger', 'Helltree', '2338.154542', '2020-09-01 06:20:53'),
(600, 549, 'Tiger', 'The Giant Sun Swine', '9999.999999', '2020-09-01 06:21:23'),
(601, 549, 'Tiger', 'Blazeteeth', '9555.726798', '2020-09-01 06:22:14'),
(602, 550, 'Wolf', 'Blazeteeth', '2314.129544', '2020-09-01 06:22:44'),
(603, 549, 'Tiger', 'The Ugly Mongrel', '9999.999999', '2020-09-01 06:23:14'),
(604, 547, 'God', 'Helltree', '1080.028440', '2020-09-01 06:23:44'),
(605, 551, 'Dragon', 'Blazeteeth', '9999.999999', '2020-09-01 06:24:14'),
(606, 550, 'Wolf', 'The Dismal Guardian', '9999.999999', '2020-09-01 06:24:44'),
(607, 551, 'Dragon', 'The Giant Sun Swine', '2305.630498', '2020-09-01 06:25:14'),
(608, 547, 'God', 'Spiritmouth', '556.630745', '2020-09-01 06:25:44'),
(609, 547, 'God', 'The Dismal Guardian', '9558.280609', '2020-09-01 06:26:14'),
(610, 547, 'God', 'The Infamous Weirdo', '9999.999999', '2020-09-01 06:26:44'),
(611, 550, 'Wolf', 'The Infamous Weirdo', '40.876308', '2020-09-01 06:27:14'),
(612, 549, 'Tiger', 'The Slender Rot Lion', '2320.289041', '2020-09-01 06:27:44'),
(613, 547, 'God', 'The Dismal Guardian', '1034.631676', '2020-09-01 06:28:14'),
(614, 550, 'Wolf', 'Blazeteeth', '1005.278577', '2020-09-01 06:28:44'),
(615, 549, 'Tiger', 'Doommorph', '9999.999999', '2020-09-01 06:29:14'),
(616, 550, 'Wolf', 'The Raging Night Wolf', '9564.543721', '2020-09-01 06:29:44'),
(617, 549, 'Tiger', 'The Wretched Pest', '2310.673459', '2020-09-01 06:30:14'),
(618, 550, 'Wolf', 'The Giant Sun Swine', '9548.604067', '2020-09-01 06:30:44'),
(619, 551, 'Dragon', 'The Slender Rot Lion', '9552.274842', '2020-09-01 06:31:14'),
(620, 550, 'Wolf', 'The Lone Butcher Dragon', '9559.663509', '2020-09-01 06:31:44'),
(621, 547, 'God', 'The Slender Rot Lion', '9999.999999', '2020-09-01 06:32:14'),
(622, 550, 'Wolf', 'The Infamous Weirdo', '344.091712', '2020-09-01 06:32:44'),
(623, 550, 'Wolf', 'The Slender Rot Lion', '149.203622', '2020-09-01 06:33:14'),
(624, 549, 'Tiger', 'The Wretched Pest', '9999.999999', '2020-09-01 06:33:44'),
(625, 550, 'Wolf', 'The Dismal Guardian', '2313.847272', '2020-09-01 06:34:14'),
(626, 551, 'Dragon', 'The Dismal Guardian', '9571.415524', '2020-09-01 06:34:44'),
(627, 550, 'Wolf', 'The Supreme Night Bear', '9999.999999', '2020-09-01 06:35:14'),
(628, 549, 'Tiger', 'The Giant Sun Swine', '2332.827226', '2020-09-01 06:35:44'),
(629, 549, 'Tiger', 'The Giant Sun Swine', '9999.999999', '2020-09-01 06:36:14'),
(630, 549, 'Tiger', 'The White Eyes', '9999.999999', '2020-09-01 06:36:44'),
(631, 550, 'Wolf', 'The Grotesque Abomination', '9552.281027', '2020-09-01 06:37:14'),
(632, 549, 'Tiger', 'The Raging Night Wolf', '9999.999999', '2020-09-01 06:37:44'),
(633, 549, 'Tiger', 'Helltree', '51.627378', '2020-09-01 06:38:14'),
(634, 547, 'God', 'The Giant Sun Swine', '9999.999999', '2020-09-01 06:38:44'),
(635, 547, 'God', 'The Ugly Mongrel', '2324.012246', '2020-09-01 06:39:14'),
(636, 550, 'Wolf', 'Dawnmouth', '9999.999999', '2020-09-01 06:39:44'),
(637, 550, 'Wolf', 'Horrortooth', '134.273590', '2020-09-01 06:40:14'),
(638, 547, 'God', 'The Giant Sun Swine', '9565.470748', '2020-09-01 06:40:44'),
(639, 551, 'Dragon', 'Helltree', '9999.999999', '2020-09-01 06:41:14'),
(640, 547, 'God', 'Doommorph', '486.630301', '2020-09-01 06:41:44'),
(641, 551, 'Dragon', 'Horrortooth', '9999.999999', '2020-09-01 06:42:14'),
(642, 547, 'God', 'The Jade Army Jackal', '1229.658912', '2020-09-01 06:42:44'),
(643, 549, 'Tiger', 'Doommorph', '9999.999999', '2020-09-01 06:43:14'),
(644, 547, 'God', 'Dreamseeker', '2321.583086', '2020-09-01 06:43:44'),
(645, 551, 'Dragon', 'The Grotesque Abomination', '785.533198', '2020-09-01 06:44:14'),
(646, 550, 'Wolf', 'The Ugly Mongrel', '9999.999999', '2020-09-01 06:44:44'),
(647, 549, 'Tiger', 'The Ugly Mongrel', '2307.525589', '2020-09-01 06:45:14'),
(648, 549, 'Tiger', 'Horrortooth', '9999.999999', '2020-09-01 06:45:44'),
(649, 551, 'Dragon', 'The Dismal Guardian', '2326.719955', '2020-09-01 06:46:14'),
(650, 547, 'God', 'The Raging Night Wolf', '9547.787514', '2020-09-01 06:46:44'),
(651, 549, 'Tiger', 'The Wretched Pest', '9567.535850', '2020-09-01 06:47:14'),
(652, 550, 'Wolf', 'The Slender Rot Lion', '9565.361026', '2020-09-01 06:47:44'),
(653, 550, 'Wolf', 'Dreamseeker', '9999.999999', '2020-09-01 06:48:14'),
(654, 551, 'Dragon', 'The Grotesque Abomination', '9999.999999', '2020-09-01 06:48:44'),
(655, 550, 'Wolf', 'Horrortooth', '9999.999999', '2020-09-01 06:49:14'),
(656, 549, 'Tiger', 'The Ugly Mongrel', '9999.999999', '2020-09-01 06:49:44'),
(657, 549, 'Tiger', 'Dawnmouth', '9999.999999', '2020-09-01 06:50:14'),
(658, 549, 'Tiger', 'Dawnmouth', '688.080634', '2020-09-01 06:50:44'),
(659, 550, 'Wolf', 'The White Eyes', '9999.999999', '2020-09-01 06:51:14'),
(660, 551, 'Dragon', 'The White Eyes', '9999.999999', '2020-09-01 06:51:44'),
(661, 550, 'Wolf', 'The Dismal Guardian', '9999.999999', '2020-09-01 06:52:14'),
(662, 547, 'God', 'Helltree', '9999.999999', '2020-09-01 06:52:44'),
(663, 550, 'Wolf', 'The Dismal Guardian', '2329.559291', '2020-09-01 06:53:14'),
(664, 549, 'Tiger', 'Spiritmouth', '2337.721008', '2020-09-01 06:53:44'),
(665, 549, 'Tiger', 'Spiritmouth', '9999.999999', '2020-09-01 06:54:14'),
(666, 547, 'God', 'The Giant Sun Swine', '631.774457', '2020-09-01 06:54:44'),
(667, 549, 'Tiger', 'Dawnmouth', '9999.999999', '2020-09-01 06:55:14'),
(668, 551, 'Dragon', 'Helltree', '9999.999999', '2020-09-01 06:56:22'),
(669, 549, 'Tiger', 'Helltree', '1286.821175', '2020-09-01 06:56:52'),
(670, 549, 'Tiger', 'The Slender Rot Lion', '9999.999999', '2020-09-01 06:57:22'),
(671, 549, 'Tiger', 'The Lone Butcher Dragon', '9999.999999', '2020-09-01 06:57:52'),
(672, 547, 'God', 'The Grotesque Abomination', '2312.977790', '2020-09-01 06:58:22'),
(673, 551, 'Dragon', 'The Raging Night Wolf', '2326.231762', '2020-09-01 06:58:52'),
(674, 550, 'Wolf', 'The Giant Sun Swine', '2332.440962', '2020-09-01 06:59:22'),
(675, 549, 'Tiger', 'The Infamous Weirdo', '9554.794570', '2020-09-01 06:59:52'),
(676, 550, 'Wolf', 'Dawnmouth', '2325.510918', '2020-09-01 07:00:22'),
(677, 547, 'God', 'Helltree', '1018.950384', '2020-09-01 07:00:52'),
(678, 550, 'Wolf', 'Dawnmouth', '859.471524', '2020-09-01 07:01:22'),
(679, 547, 'God', 'Doommorph', '1051.208225', '2020-09-01 07:01:52'),
(680, 547, 'God', 'Grimefoot', '9548.357351', '2020-09-01 07:02:22'),
(681, 549, 'Tiger', 'The White Eyes', '133.573354', '2020-09-01 07:02:52'),
(682, 553, 'Dragon', 'The Grotesque Abomination', '9570.440542', '2020-09-01 07:03:22'),
(683, 550, 'Wolf', 'Dawnmouth', '9999.999999', '2020-09-01 07:03:52'),
(684, 550, 'Wolf', 'Grimefoot', '391.099158', '2020-09-01 07:04:22'),
(685, 553, 'Dragon', 'Horrortooth', '9999.999999', '2020-09-01 07:04:52'),
(686, 553, 'Dragon', 'Doommorph', '9999.999999', '2020-09-01 07:05:22');
INSERT INTO `batalhas` (`id_batalha`, `id_hero`, `moster_danger_level`, `moster_name`, `distance_of_moster`, `criado`) VALUES
(687, 553, 'Dragon', 'The Lone Butcher Dragon', '9567.972214', '2020-09-01 07:05:52'),
(688, 547, 'God', 'Blazeteeth', '9558.404477', '2020-09-01 07:06:22'),
(689, 547, 'God', 'The Jade Army Jackal', '9999.999999', '2020-09-01 07:06:52'),
(690, 556, 'Dragon', 'Helltree', '79.289987', '2020-09-01 07:07:22'),
(691, 547, 'God', 'The Raging Night Wolf', '9999.999999', '2020-09-01 07:07:52'),
(692, 549, 'Tiger', 'Dawnmouth', '2309.272950', '2020-09-01 07:08:22'),
(693, 550, 'Wolf', 'Grimefoot', '2307.898017', '2020-09-01 07:08:52'),
(694, 556, 'Dragon', 'The Wretched Pest', '9999.999999', '2020-09-01 07:09:22'),
(695, 547, 'God', 'The Slender Rot Lion', '9999.999999', '2020-09-01 07:09:52'),
(696, 560, 'Dragon', 'The Giant Sun Swine', '9999.999999', '2020-09-01 07:10:22'),
(697, 547, 'God', 'The Wretched Pest', '9562.421086', '2020-09-01 07:10:52'),
(698, 547, 'God', 'The Lone Butcher Dragon', '9999.999999', '2020-09-01 07:11:22'),
(699, 563, 'Dragon', 'Grimefoot', '9999.999999', '2020-09-01 07:11:52'),
(700, 563, 'Dragon', 'Dawnmouth', '9999.999999', '2020-09-01 07:12:22'),
(701, 563, 'Dragon', 'Doommorph', '34.980677', '2020-09-01 07:12:52'),
(702, 549, 'Tiger', 'The Ugly Mongrel', '9999.999999', '2020-09-01 07:13:22'),
(703, 566, 'Dragon', 'Grimefoot', '1068.404770', '2020-09-01 07:13:52'),
(704, 568, 'Wolf', 'Blazeteeth', '2306.412401', '2020-09-01 07:14:22'),
(705, 569, 'Dragon', 'The Wretched Pest', '9999.999999', '2020-09-01 07:14:52'),
(706, 569, 'Dragon', 'The Jade Army Jackal', '9999.999999', '2020-09-01 07:15:22'),
(707, 569, 'Dragon', 'The Slender Rot Lion', '2321.811723', '2020-09-01 07:15:52'),
(708, 547, 'God', 'The Lone Butcher Dragon', '9547.060040', '2020-09-01 07:16:22'),
(709, 549, 'Tiger', 'The Ugly Mongrel', '862.078067', '2020-09-01 07:16:52'),
(710, 549, 'Tiger', 'The Ugly Mongrel', '2331.287016', '2020-09-01 07:17:22'),
(711, 549, 'Tiger', 'Blazeteeth', '9999.999999', '2020-09-01 07:17:52'),
(712, 572, 'Dragon', 'Doommorph', '2322.982154', '2020-09-01 07:18:22'),
(713, 549, 'Tiger', 'The Ugly Mongrel', '810.945418', '2020-09-01 07:18:52'),
(714, 578, 'Dragon', 'Grimefoot', '2300.056572', '2020-09-01 07:19:22'),
(715, 577, 'Wolf', 'Doommorph', '2331.935691', '2020-09-01 07:19:52'),
(716, 549, 'Tiger', 'The Supreme Night Bear', '9548.153619', '2020-09-01 07:20:22'),
(717, 578, 'Dragon', 'Helltree', '2333.456780', '2020-09-01 07:20:52'),
(718, 547, 'God', 'The Wretched Pest', '9999.999999', '2020-09-01 07:21:22'),
(719, 547, 'God', 'The Ugly Mongrel', '9571.265331', '2020-09-01 07:21:52'),
(720, 549, 'Tiger', 'Spiritmouth', '684.478445', '2020-09-01 07:22:22'),
(721, 580, 'Wolf', 'The Jade Army Jackal', '9999.999999', '2020-09-01 07:22:52'),
(722, 547, 'God', 'The Infamous Weirdo', '9999.999999', '2020-09-01 07:23:22'),
(723, 547, 'God', 'The Dismal Guardian', '9999.999999', '2020-09-01 07:23:52'),
(724, 549, 'Tiger', 'The Infamous Weirdo', '2308.883099', '2020-09-01 07:24:22'),
(725, 580, 'Wolf', 'Helltree', '9999.999999', '2020-09-01 07:24:52'),
(726, 587, 'Dragon', 'Blazeteeth', '1424.151431', '2020-09-01 07:25:22'),
(727, 589, 'Wolf', 'Dreamseeker', '9555.247501', '2020-09-01 07:25:52'),
(728, 549, 'Tiger', 'Horrortooth', '9999.999999', '2020-09-01 07:26:22'),
(729, 589, 'Wolf', 'Spiritmouth', '189.447876', '2020-09-01 07:26:52'),
(730, 547, 'God', 'The Wretched Pest', '9999.999999', '2020-09-01 07:27:22'),
(731, 547, 'God', 'The Ugly Mongrel', '9999.999999', '2020-09-01 07:27:52'),
(732, 592, 'Wolf', 'Horrortooth', '9556.581400', '2020-09-01 07:28:22'),
(733, 593, 'Dragon', 'Horrortooth', '9999.999999', '2020-09-01 07:28:52'),
(734, 549, 'Tiger', 'The Infamous Weirdo', '787.481646', '2020-09-01 07:29:22'),
(735, 598, 'Wolf', 'Blazeteeth', '9999.999999', '2020-09-01 07:29:52'),
(736, 599, 'Dragon', 'The Jade Army Jackal', '9561.087892', '2020-09-01 07:30:22'),
(737, 602, 'Dragon', 'Doommorph', '9999.999999', '2020-09-01 07:30:52'),
(738, 605, 'Dragon', 'Horrortooth', '2334.051148', '2020-09-01 07:31:36'),
(739, 549, 'Tiger', 'Helltree', '342.590090', '2020-09-01 07:32:06'),
(740, 605, 'Dragon', 'The Ugly Mongrel', '9570.116221', '2020-09-01 07:32:36'),
(741, 604, 'Wolf', 'The Lone Butcher Dragon', '9999.999999', '2020-09-01 07:33:06'),
(742, 547, 'God', 'Helltree', '9999.999999', '2020-09-01 07:33:36'),
(743, 608, 'Dragon', 'Horrortooth', '9999.999999', '2020-09-01 07:34:06'),
(744, 607, 'Wolf', 'The Ugly Mongrel', '9999.999999', '2020-09-01 07:34:36');

-- --------------------------------------------------------

--
-- Estrutura da tabela `heroes`
--

CREATE TABLE `heroes` (
  `id_hero` int(11) NOT NULL,
  `id_usuario` int(11) NOT NULL,
  `nome` varchar(30) NOT NULL,
  `classe` varchar(1) NOT NULL,
  `lat` decimal(10,8) NOT NULL,
  `lng` decimal(11,8) NOT NULL,
  `cidade` varchar(30) DEFAULT NULL,
  `bairro` varchar(30) DEFAULT NULL,
  `pais` varchar(30) DEFAULT NULL,
  `atualizado` datetime DEFAULT current_timestamp() ON UPDATE current_timestamp(),
  `criado` datetime DEFAULT current_timestamp()
) ENGINE=InnoDB DEFAULT CHARSET=utf8mb4;

--
-- Extraindo dados da tabela `heroes`
--

INSERT INTO `heroes` (`id_hero`, `id_usuario`, `nome`, `classe`, `lat`, `lng`, `cidade`, `bairro`, `pais`, `atualizado`, `criado`) VALUES
(79, 0, '', 'A', '-23.56357870', '-46.69160680', 'sao paulo', 'pinheiros', 'brasil', '2020-08-29 05:20:53', '2020-08-27 14:51:15'),
(81, 0, '', 'A', '-23.56357870', '-46.69160680', 'sao paulo', 'pinheiros', 'brasil', '2020-08-29 05:20:53', '2020-08-27 14:51:43'),
(83, 0, '', 'A', '-23.56357870', '-46.69160680', 'sao paulo', 'pinheiros', 'brasil', '2020-08-29 05:20:53', '2020-08-27 14:54:36'),
(85, 0, '', 'A', '-23.56357870', '-46.69160680', 'sao paulo', 'pinheiros', 'brasil', '2020-08-29 05:20:53', '2020-08-27 14:55:45'),
(87, 0, '', 'A', '-23.56357870', '-46.69160680', 'sao paulo', 'pinheiros', 'brasil', '2020-08-29 05:20:53', '2020-08-27 14:56:35'),
(89, 0, '', 'A', '-23.56357870', '-46.69160680', 'sao paulo', 'pinheiros', 'brasil', '2020-08-29 05:20:53', '2020-08-27 14:57:06'),
(92, 0, '', 'A', '-23.56357870', '-46.69160680', 'sao paulo', 'pinheiros', 'brasil', '2020-08-29 05:20:53', '2020-08-27 15:00:20'),
(94, 0, '', 'A', '-23.56357870', '-46.69160680', 'sao paulo', 'pinheiros', 'brasil', '2020-08-29 05:20:53', '2020-08-27 15:00:52'),
(96, 0, '', 'A', '-23.56357870', '-46.69160680', 'sao paulo', 'pinheiros', 'brasil', '2020-08-29 05:20:53', '2020-08-27 15:01:21'),
(99, 0, '', 'A', '-23.56357870', '-46.69160680', 'sao paulo', 'pinheiros', 'brasil', '2020-08-29 05:20:53', '2020-08-27 15:07:20'),
(101, 0, '', 'A', '-23.56357870', '-46.69160680', 'sao paulo', 'pinheiros', 'brasil', '2020-08-29 05:20:53', '2020-08-27 15:07:53'),
(103, 0, '', 'A', '-23.56357870', '-46.69160680', 'sao paulo', 'pinheiros', 'brasil', '2020-08-29 05:20:53', '2020-08-27 15:09:22'),
(105, 0, '', 'A', '-23.56357870', '-46.69160680', 'sao paulo', 'pinheiros', 'brasil', '2020-08-29 05:20:53', '2020-08-27 15:11:18'),
(547, 2, 'zrp', 'S', '-23.56357870', '-46.69160680', 'sao paulo', 'pinheiros', 'brasil', '2020-09-01 04:44:29', '2020-09-01 04:44:29'),
(548, 2, 'zrp-A', 'A', '-23.56357870', '-46.69160680', 'sao paulo', 'santo amaro', 'brasil', '2020-09-01 04:45:25', '2020-09-01 04:45:25'),
(549, 2, 'zrp-b', 'B', '-23.56357870', '-46.69160680', 'sao paulo', 'grajau', 'brasil', '2020-09-01 04:45:50', '2020-09-01 04:45:50'),
(550, 2, 'zrp-c', 'C', '-23.56357870', '-46.69160680', 'sao paulo', 'sao luiz', 'brasil', '2020-09-01 04:46:24', '2020-09-01 04:46:24'),
(551, 2, 'front-end-A', 'A', '-23.56357870', '-46.69160680', 'são paulo', 'jabaquara', 'Brasil', '2020-09-01 05:10:38', '2020-09-01 05:10:38'),
(553, 1, 'Harvey Brekke', 'A', '-23.56357870', '-46.69160680', 'Sao paulo', 'Pinheiros', 'brasil', '2020-09-01 07:00:48', '2020-09-01 07:00:48'),
(556, 1, 'Ronnie Schinner', 'A', '-23.56357870', '-46.69160680', 'Sao paulo', 'Pinheiros', 'brasil', '2020-09-01 07:07:15', '2020-09-01 07:07:15'),
(557, 1, 'Kendall', 'C', '-23.56357870', '-46.69160680', 'Juàzeiro', 'Santo Antonio', 'brasil', '2020-09-01 07:07:16', '2020-09-01 07:07:16'),
(559, 1, 'Charles', 'C', '-23.56357870', '-46.69160680', 'Juàzeiro', 'Santo Antonio', 'brasil', '2020-09-01 07:09:55', '2020-09-01 07:09:54'),
(560, 1, 'Mrs. Stacey Rodriguez', 'A', '-23.56357870', '-46.69160680', 'Sao paulo', 'Pinheiros', 'brasil', '2020-09-01 07:09:55', '2020-09-01 07:09:55'),
(562, 1, 'Carlos', 'C', '-23.56357870', '-46.69160680', 'Juàzeiro', 'Santo Antonio', 'brasil', '2020-09-01 07:11:39', '2020-09-01 07:11:39'),
(563, 1, 'Kelley Dickinson', 'A', '-23.56357870', '-46.69160680', 'Sao paulo', 'Pinheiros', 'brasil', '2020-09-01 07:11:39', '2020-09-01 07:11:39'),
(565, 1, 'Carmel', 'C', '-23.56357870', '-46.69160680', 'Juàzeiro', 'Santo Antonio', 'brasil', '2020-09-01 07:13:23', '2020-09-01 07:13:23'),
(566, 1, 'Ms. Brent Koepp', 'A', '-23.56357870', '-46.69160680', 'Sao paulo', 'Pinheiros', 'brasil', '2020-09-01 07:13:23', '2020-09-01 07:13:23'),
(568, 1, 'Reinhold', 'C', '-23.56357870', '-46.69160680', 'Juàzeiro', 'Santo Antonio', 'brasil', '2020-09-01 07:14:11', '2020-09-01 07:14:10'),
(569, 1, 'Miss Rhonda Marvin', 'A', '-23.56357870', '-46.69160680', 'Sao paulo', 'Pinheiros', 'brasil', '2020-09-01 07:14:11', '2020-09-01 07:14:11'),
(571, 1, 'Heath', 'C', '-23.56357870', '-46.69160680', 'Juàzeiro', 'Santo Antonio', 'brasil', '2020-09-01 07:17:31', '2020-09-01 07:17:31'),
(572, 1, 'Bernadette Kris', 'A', '-23.56357870', '-46.69160680', 'Sao paulo', 'Pinheiros', 'brasil', '2020-09-01 07:17:31', '2020-09-01 07:17:31'),
(573, 2, 'newName1598955511167', '', '0.00000000', '-46.69160680', NULL, NULL, NULL, '2020-09-01 07:18:31', '2020-09-01 07:18:31'),
(574, 1, 'Neoma', 'C', '-23.56357870', '-46.69160680', 'Juàzeiro', 'Santo Antonio', 'brasil', '2020-09-01 07:18:33', '2020-09-01 07:18:33'),
(575, 1, 'Genevieve Gerlach', 'A', '-23.56357870', '-46.69160680', 'Sao paulo', 'Pinheiros', 'brasil', '2020-09-01 07:18:33', '2020-09-01 07:18:33'),
(577, 1, 'Austen', 'C', '-23.56357870', '-46.69160680', 'Juàzeiro', 'Santo Antonio', 'brasil', '2020-09-01 07:19:22', '2020-09-01 07:19:22'),
(578, 1, 'Jean Olson', 'A', '-23.56357870', '-46.69160680', 'Sao paulo', 'Pinheiros', 'brasil', '2020-09-01 07:19:22', '2020-09-01 07:19:22'),
(580, 2, 'Jerrell', 'C', '-23.56357870', '-46.69160680', 'Juàzeiro', 'Santo Antonio', 'brasil', '2020-09-01 07:23:57', '2020-09-01 07:21:40'),
(581, 2, 'Roberto Mertz', 'A', '-23.56357870', '-46.69160680', 'Sao paulo', 'Pinheiros', 'brasil', '2020-09-01 07:21:40', '2020-09-01 07:21:40'),
(583, 2, 'Candice Blanda', 'A', '-23.56357870', '-46.69160680', 'Sao paulo', 'Pinheiros', 'brasil', '2020-09-01 07:23:56', '2020-09-01 07:23:56'),
(584, 2, 'Martin Christiansen', 'A', '-23.56357870', '-46.69160680', 'Sao paulo', 'Pinheiros', 'brasil', '2020-09-01 07:23:57', '2020-09-01 07:23:57'),
(586, 2, 'Nathen', 'C', '-23.56357870', '-46.69160680', 'Juàzeiro', 'Santo Antonio', 'brasil', '2020-09-01 07:25:07', '2020-09-01 07:25:06'),
(587, 2, 'Carolyn Marvin', 'A', '-23.56357870', '-46.69160680', 'Sao paulo', 'Pinheiros', 'brasil', '2020-09-01 07:25:07', '2020-09-01 07:25:07'),
(589, 2, 'Modesta', 'C', '-23.56357870', '-46.69160680', 'Juàzeiro', 'Santo Antonio', 'brasil', '2020-09-01 07:25:43', '2020-09-01 07:25:43'),
(590, 2, 'Dixie Kessler', 'A', '-23.56357870', '-46.69160680', 'Sao paulo', 'Pinheiros', 'brasil', '2020-09-01 07:25:43', '2020-09-01 07:25:43'),
(592, 2, 'Manuela', 'C', '-23.56357870', '-46.69160680', 'Juàzeiro', 'Santo Antonio', 'brasil', '2020-09-01 07:28:06', '2020-09-01 07:28:05'),
(593, 2, 'Rudy Hodkiewicz', 'A', '-23.56357870', '-46.69160680', 'Sao paulo', 'Pinheiros', 'brasil', '2020-09-01 07:28:05', '2020-09-01 07:28:05'),
(595, 2, 'Adam', 'C', '-23.56357870', '-46.69160680', 'Juàzeiro', 'Santo Antonio', 'brasil', '2020-09-01 07:29:01', '2020-09-01 07:29:00'),
(596, 2, 'Ella Kemmer DDS', 'A', '-23.56357870', '-46.69160680', 'Sao paulo', 'Pinheiros', 'brasil', '2020-09-01 07:29:01', '2020-09-01 07:29:01'),
(598, 2, 'Hazle', 'C', '-23.56357870', '-46.69160680', 'Juàzeiro', 'Santo Antonio', 'brasil', '2020-09-01 07:29:37', '2020-09-01 07:29:36'),
(599, 2, 'Steven Hansen', 'A', '-23.56357870', '-46.69160680', 'Sao paulo', 'Pinheiros', 'brasil', '2020-09-01 07:29:37', '2020-09-01 07:29:37'),
(601, 2, 'Kayley', 'C', '-23.56357870', '-46.69160680', 'Juàzeiro', 'Santo Antonio', 'brasil', '2020-09-01 07:30:32', '2020-09-01 07:30:31'),
(602, 2, 'Antoinette Senger', 'A', '-23.56357870', '-46.69160680', 'Sao paulo', 'Pinheiros', 'brasil', '2020-09-01 07:30:31', '2020-09-01 07:30:31'),
(604, 2, 'Geovanny', 'C', '-23.56357870', '-46.69160680', 'Juàzeiro', 'Santo Antonio', 'brasil', '2020-09-01 07:31:33', '2020-09-01 07:31:32'),
(605, 2, 'Krystal Howell', 'A', '-23.56357870', '-46.69160680', 'Sao paulo', 'Pinheiros', 'brasil', '2020-09-01 07:31:33', '2020-09-01 07:31:33'),
(607, 2, 'Candace', 'C', '-23.56357870', '-46.69160680', 'Juàzeiro', 'Santo Antonio', 'brasil', '2020-09-01 07:33:11', '2020-09-01 07:33:10'),
(608, 2, 'Lynn Cruickshank', 'A', '-23.56357870', '-46.69160680', 'Sao paulo', 'Pinheiros', 'brasil', '2020-09-01 07:33:11', '2020-09-01 07:33:11'),
(610, 2, 'Serenity', 'C', '-23.56357870', '-46.69160680', 'Juàzeiro', 'Santo Antonio', 'brasil', '2020-09-01 07:34:57', '2020-09-01 07:34:56'),
(611, 2, 'Mrs. Bridget Harris', 'A', '-23.56357870', '-46.69160680', 'Sao paulo', 'Pinheiros', 'brasil', '2020-09-01 07:34:56', '2020-09-01 07:34:56'),
(614, 2, 'Brandi', 'C', '-23.56357870', '-46.69160680', 'Juàzeiro', 'Santo Antonio', 'brasil', '2020-09-01 07:36:13', '2020-09-01 07:36:12'),
(615, 2, 'Leticia Gutkowski', 'A', '-23.56357870', '-46.69160680', 'Sao paulo', 'Pinheiros', 'brasil', '2020-09-01 07:36:12', '2020-09-01 07:36:12');

-- --------------------------------------------------------

--
-- Estrutura da tabela `usuarios`
--

CREATE TABLE `usuarios` (
  `id_usuario` int(11) NOT NULL,
  `nome` varchar(30) NOT NULL,
  `senha` varchar(30) NOT NULL,
  `atualizado` datetime DEFAULT current_timestamp() ON UPDATE current_timestamp(),
  `criado` datetime DEFAULT current_timestamp()
) ENGINE=InnoDB DEFAULT CHARSET=utf8mb4;

--
-- Extraindo dados da tabela `usuarios`
--

INSERT INTO `usuarios` (`id_usuario`, `nome`, `senha`, `atualizado`, `criado`) VALUES
(1, 'reginaldo', '123456', '2020-08-26 01:01:25', '2020-08-26 01:01:25'),
(2, 'zrp', '123456', '2020-09-01 04:42:27', '2020-09-01 04:42:27');

--
-- Índices para tabelas despejadas
--

--
-- Índices para tabela `batalhas`
--
ALTER TABLE `batalhas`
  ADD PRIMARY KEY (`id_batalha`);

--
-- Índices para tabela `heroes`
--
ALTER TABLE `heroes`
  ADD PRIMARY KEY (`id_hero`);

--
-- Índices para tabela `usuarios`
--
ALTER TABLE `usuarios`
  ADD PRIMARY KEY (`id_usuario`);

--
-- AUTO_INCREMENT de tabelas despejadas
--

--
-- AUTO_INCREMENT de tabela `batalhas`
--
ALTER TABLE `batalhas`
  MODIFY `id_batalha` int(11) NOT NULL AUTO_INCREMENT, AUTO_INCREMENT=745;

--
-- AUTO_INCREMENT de tabela `heroes`
--
ALTER TABLE `heroes`
  MODIFY `id_hero` int(11) NOT NULL AUTO_INCREMENT, AUTO_INCREMENT=616;

--
-- AUTO_INCREMENT de tabela `usuarios`
--
ALTER TABLE `usuarios`
  MODIFY `id_usuario` int(11) NOT NULL AUTO_INCREMENT, AUTO_INCREMENT=3;
COMMIT;

/*!40101 SET CHARACTER_SET_CLIENT=@OLD_CHARACTER_SET_CLIENT */;
/*!40101 SET CHARACTER_SET_RESULTS=@OLD_CHARACTER_SET_RESULTS */;
/*!40101 SET COLLATION_CONNECTION=@OLD_COLLATION_CONNECTION */;
